{
  "create:wrench_goggles": {
    "criteria": {
      "1": "2023-02-20 00:17:01 -0800"
    },
    "done": false
  },
  "create:deployer": {
    "criteria": {
      "0": "2023-02-20 20:11:19 -0800"
    },
    "done": true
  },
  "immersiveengineering:tools/upgrade_revolver": {
    "criteria": {
      "code_trigger": "2023-02-09 19:19:17 -0800"
    },
    "done": true
  },
  "naturescompass:natures_compass": {
    "criteria": {
      "has_compass": "2023-02-06 01:06:45 -0800"
    },
    "done": true
  },
  "mekanism:configurator": {
    "criteria": {
      "configurator": "2023-02-11 21:14:35 -0800"
    },
    "done": true
  },
  "mekanism:installer": {
    "criteria": {
      "installer": "2023-02-19 00:12:26 -0800"
    },
    "done": true
  },
  "minecraft:story/obtain_armor": {
    "criteria": {
      "iron_chestplate": "2023-02-09 23:22:54 -0800"
    },
    "done": true
  },
  "minecraft:husbandry/make_a_sign_glow": {
    "criteria": {
      "make_a_sign_glow": "2023-02-08 20:17:09 -0800"
    },
    "done": true
  },
  "immersiveengineering:tools/tools_root": {
    "criteria": {
      "has_item": "2023-02-09 19:19:03 -0800"
    },
    "done": true
  },
  "minecraft:story/mine_stone": {
    "criteria": {
      "get_stone": "2023-02-07 14:47:24 -0800"
    },
    "done": true
  },
  "create:mechanical_mixer": {
    "criteria": {
      "0": "2023-02-11 21:18:52 -0800"
    },
    "done": true
  },
  "mekanism:advanced_control_circuit": {
    "criteria": {
      "advanced_control_circuit": "2023-02-19 23:18:51 -0800"
    },
    "done": true
  },
  "create:saw_processing": {
    "criteria": {
      "0": "2023-02-20 20:11:18 -0800"
    },
    "done": true
  },
  "immersiveengineering:tools/craft_wolfpack": {
    "criteria": {
      "has_item": "2023-02-09 19:48:19 -0800"
    },
    "done": true
  },
  "pneumaticcraft:vortex_tube": {
    "criteria": {
      "0": "2023-02-16 23:32:56 -0800"
    },
    "done": true
  },
  "minecraft:adventure/adventuring_time": {
    "criteria": {
      "minecraft:plains": "2023-02-06 01:06:48 -0800"
    },
    "done": false
  },
  "pneumaticcraft:pressure_chamber": {
    "criteria": {
      "0": "2023-02-10 21:09:27 -0800"
    },
    "done": true
  },
  "pneumaticcraft:amadron_tablet": {
    "criteria": {
      "0": "2023-02-19 23:13:28 -0800"
    },
    "done": true
  },
  "minecraft:story/lava_bucket": {
    "criteria": {
      "lava_bucket": "2023-02-09 22:07:35 -0800"
    },
    "done": true
  },
  "create:mechanical_press": {
    "criteria": {
      "0": "2023-02-19 23:55:37 -0800"
    },
    "done": true
  },
  "immersiveengineering:main/main_root": {
    "criteria": {
      "has_item": "2023-02-06 11:25:12 -0800"
    },
    "done": true
  },
  "create:stressometer": {
    "criteria": {
      "0": "2023-02-20 00:16:59 -0800"
    },
    "done": true
  },
  "pneumaticcraft:root": {
    "criteria": {
      "0": "2023-02-06 11:16:51 -0800"
    },
    "done": true
  },
  "apotheosis:give_book": {
    "criteria": {
      "tick": "2023-02-19 22:15:59 -0800"
    },
    "done": true
  },
  "pneumaticcraft:plastic": {
    "criteria": {
      "0": "2023-02-19 23:40:27 -0800"
    },
    "done": true
  },
  "mekanism:enricher": {
    "criteria": {
      "enrichment_chamber": "2023-02-08 20:16:18 -0800"
    },
    "done": true
  },
  "create:self_deploying": {
    "criteria": {
      "0": "2023-02-07 14:51:57 -0800"
    },
    "done": true
  },
  "pneumaticcraft:tp_plant": {
    "criteria": {
      "0": "2023-02-08 20:06:26 -0800"
    },
    "done": true
  },
  "mekanism:steel_casing": {
    "criteria": {
      "steel_casing": "2023-02-08 20:20:19 -0800"
    },
    "done": true
  },
  "mekanismgenerators:solar_generator": {
    "criteria": {
      "solar_generator": "2023-02-20 00:24:05 -0800"
    },
    "done": true
  },
  "minecraft:adventure/root": {
    "criteria": {
      "killed_something": "2023-02-08 20:34:54 -0800"
    },
    "done": true
  },
  "pneumaticcraft:printed_circuit_board": {
    "criteria": {
      "0": "2023-02-07 00:05:42 -0800"
    },
    "done": true
  },
  "create:funnel": {
    "criteria": {
      "0": "2023-02-20 00:00:39 -0800"
    },
    "done": true
  },
  "pneumaticcraft:lpg_bucket": {
    "criteria": {
      "0": "2023-02-20 17:47:09 -0800"
    },
    "done": true
  },
  "immersiveengineering:main/craft_workbench": {
    "criteria": {
      "has_item": "2023-02-09 19:19:03 -0800"
    },
    "done": true
  },
  "mekanism:simple_mass_storage": {
    "criteria": {
      "basic_bin": "2023-02-19 00:12:31 -0800"
    },
    "done": true
  },
  "mekanism:root": {
    "criteria": {
      "automatic": "2023-02-06 01:06:45 -0800"
    },
    "done": true
  },
  "mekanism:fluid_tank": {
    "criteria": {
      "basic_fluid_tank": "2023-02-09 22:01:27 -0800"
    },
    "done": true
  },
  "mekanism:reinforced_alloy": {
    "criteria": {
      "alloy_reinforced": "2023-02-07 15:33:16 -0800"
    },
    "done": true
  },
  "mekanism:materials": {
    "criteria": {
      "material": "2023-02-06 11:40:49 -0800"
    },
    "done": true
  },
  "create:brass": {
    "criteria": {
      "0": "2023-02-06 11:31:34 -0800"
    },
    "done": true
  },
  "mekanism:infusing_efficiency": {
    "criteria": {
      "enriched_material": "2023-02-08 20:14:03 -0800"
    },
    "done": true
  },
  "mekanism:stabilizing_chunks": {
    "criteria": {
      "dimensional_stabilizer": "2023-02-19 22:53:46 -0800"
    },
    "done": false
  },
  "mekanism:infused_alloy": {
    "criteria": {
      "alloy_infused": "2023-02-06 23:49:14 -0800"
    },
    "done": true
  },
  "pneumaticcraft:pressure_tube": {
    "criteria": {
      "0": "2023-02-10 21:02:40 -0800"
    },
    "done": true
  },
  "pneumaticcraft:drill_bit_netherite": {
    "criteria": {
      "0": "2023-02-16 23:00:40 -0800"
    },
    "done": true
  },
  "immersiveengineering:multiblocks/craft_duroplast": {
    "criteria": {
      "has_item": "2023-02-09 23:07:13 -0800"
    },
    "done": true
  },
  "create:root": {
    "criteria": {
      "0": "2023-02-06 01:06:45 -0800"
    },
    "done": true
  },
  "naturescompass:natures_compass_log": {
    "criteria": {
      "has_recipe": "2023-02-11 21:44:26 -0800"
    },
    "done": true
  },
  "create:train": {
    "criteria": {
      "0": "2023-02-07 14:46:22 -0800"
    },
    "done": true
  },
  "naturescompass:natures_compass_sapling": {
    "criteria": {
      "has_recipe": "2023-02-11 21:44:26 -0800"
    },
    "done": true
  },
  "minecraft:story/mine_diamond": {
    "criteria": {
      "diamond": "2023-02-19 23:42:48 -0800"
    },
    "done": true
  },
  "pneumaticcraft:aphorism_tile": {
    "criteria": {
      "0": "2023-02-19 00:58:31 -0800"
    },
    "done": true
  },
  "pneumaticcraft:yeast_culture": {
    "criteria": {
      "0": "2023-02-19 23:30:14 -0800"
    },
    "done": true
  },
  "create:track_0": {
    "criteria": {
      "0": "2023-02-06 23:58:31 -0800"
    },
    "done": true
  },
  "create:burner": {
    "criteria": {
      "0": "2023-02-11 20:51:50 -0800"
    },
    "done": true
  },
  "minecraft:story/root": {
    "criteria": {
      "crafting_table": "2023-02-13 00:50:34 -0800"
    },
    "done": true
  },
  "create:precision_mechanism": {
    "criteria": {
      "0": "2023-02-19 00:32:15 -0800"
    },
    "done": true
  },
  "minecraft:story/smelt_iron": {
    "criteria": {
      "iron": "2023-02-06 11:16:44 -0800"
    },
    "done": true
  },
  "create:belt": {
    "criteria": {
      "0": "2023-02-20 20:09:41 -0800"
    },
    "done": true
  },
  "create:contraption_actors": {
    "criteria": {
      "0": "2023-02-07 14:46:22 -0800"
    },
    "done": true
  },
  "mekanism:automated_crafting": {
    "criteria": {
      "formulaic_assemblicator": "2023-02-13 00:46:27 -0800"
    },
    "done": true
  },
  "minecraft:story/form_obsidian": {
    "criteria": {
      "obsidian": "2023-02-09 22:16:17 -0800"
    },
    "done": true
  },
  "mekanism:metallurgic_infuser": {
    "criteria": {
      "metallurgic_infuser": "2023-02-06 11:40:32 -0800"
    },
    "done": true
  },
  "immersiveengineering:tools/craft_revolver": {
    "criteria": {
      "has_item": "2023-02-09 19:18:32 -0800"
    },
    "done": true
  },
  "create:rose_quartz": {
    "criteria": {
      "0": "2023-02-11 21:24:55 -0800"
    },
    "done": true
  },
  "pneumaticcraft:pneumatic_wrench": {
    "criteria": {
      "0": "2023-02-06 11:35:27 -0800"
    },
    "done": true
  },
  "DataVersion": 3120
}