{
  "comforts:sleeping_bag_light_gray": {
    "criteria": {
      "has_the_recipe": "2023-05-04 16:09:29 +0800"
    },
    "done": true
  },
  "comforts:hammock_white": {
    "criteria": {
      "has_the_recipe": "2023-05-04 16:09:29 +0800"
    },
    "done": true
  },
  "create:wrench_goggles": {
    "criteria": {
      "0": "2023-02-25 15:37:42 +0800",
      "1": "2023-02-20 16:16:57 +0800"
    },
    "done": true
  },
  "create:deployer": {
    "criteria": {
      "0": "2023-02-25 15:37:31 +0800"
    },
    "done": true
  },
  "comforts:hammock_cyan_from_white": {
    "criteria": {
      "has_the_recipe": "2023-05-04 16:09:29 +0800"
    },
    "done": true
  },
  "comforts:hammock_black": {
    "criteria": {
      "has_the_recipe": "2023-05-04 16:09:29 +0800"
    },
    "done": true
  },
  "comforts:sleeping_bag_light_blue": {
    "criteria": {
      "has_the_recipe": "2023-05-04 16:09:29 +0800"
    },
    "done": true
  },
  "comforts:sleeping_bag_green_from_white": {
    "criteria": {
      "has_the_recipe": "2023-05-04 16:09:29 +0800"
    },
    "done": true
  },
  "comforts:sleeping_bag_lime": {
    "criteria": {
      "has_the_recipe": "2023-05-04 16:09:29 +0800"
    },
    "done": true
  },
  "pneumaticcraft:assembly_controller": {
    "criteria": {
      "0": "2023-03-08 10:55:46 +0800"
    },
    "done": true
  },
  "naturescompass:natures_compass": {
    "criteria": {
      "has_compass": "2023-02-06 14:27:36 +0800"
    },
    "done": true
  },
  "refinedstorage:drives": {
    "criteria": {
      "disk_drive_in_inventory": "2023-03-05 11:27:45 +0800"
    },
    "done": true
  },
  "tconstruct:tools/materials_and_you": {
    "criteria": {
      "crafted_book": "2023-03-11 14:49:11 +0800"
    },
    "done": true
  },
  "tconstruct:internal/starting_book": {
    "criteria": {
      "tick": "2023-03-11 14:49:11 +0800"
    },
    "done": true
  },
  "comforts:sleeping_bag_lime_from_white": {
    "criteria": {
      "has_the_recipe": "2023-05-04 16:09:29 +0800"
    },
    "done": true
  },
  "minecraft:husbandry/make_a_sign_glow": {
    "criteria": {
      "make_a_sign_glow": "2023-03-08 10:57:04 +0800"
    },
    "done": true
  },
  "comforts:sleeping_bag_black_from_white": {
    "criteria": {
      "has_the_recipe": "2023-05-04 16:09:29 +0800"
    },
    "done": true
  },
  "comforts:hammock_light_blue_from_white": {
    "criteria": {
      "has_the_recipe": "2023-05-04 16:09:29 +0800"
    },
    "done": true
  },
  "pneumaticcraft:air_compressor": {
    "criteria": {
      "0": "2023-03-18 11:58:51 +0800"
    },
    "done": true
  },
  "create:mechanical_press": {
    "criteria": {
      "0": "2023-02-21 21:39:03 +0800"
    },
    "done": true
  },
  "comforts:sleeping_bag_black": {
    "criteria": {
      "has_the_recipe": "2023-05-04 16:09:29 +0800"
    },
    "done": true
  },
  "apotheosis:give_book": {
    "criteria": {
      "tick": "2023-02-20 14:19:32 +0800"
    },
    "done": true
  },
  "comforts:hammock_red_from_white": {
    "criteria": {
      "has_the_recipe": "2023-05-04 16:09:29 +0800"
    },
    "done": true
  },
  "apotheosis:spawner/root": {
    "criteria": {
      "spawner": "2023-04-30 12:07:59 +0800"
    },
    "done": true
  },
  "comforts:hammock_yellow": {
    "criteria": {
      "has_the_recipe": "2023-05-04 16:09:29 +0800"
    },
    "done": true
  },
  "comforts:hammock_cyan": {
    "criteria": {
      "has_the_recipe": "2023-05-04 16:09:29 +0800"
    },
    "done": true
  },
  "create:funnel": {
    "criteria": {
      "0": "2023-02-20 16:00:16 +0800"
    },
    "done": true
  },
  "comforts:sleeping_bag_purple": {
    "criteria": {
      "has_the_recipe": "2023-05-04 16:09:29 +0800"
    },
    "done": true
  },
  "comforts:hammock_pink_from_white": {
    "criteria": {
      "has_the_recipe": "2023-05-04 16:09:29 +0800"
    },
    "done": true
  },
  "mcwlights:recipes/tiki_torches": {
    "criteria": {
      "torch": "2023-05-04 16:09:29 +0800"
    },
    "done": true
  },
  "apotheosis:spawner/capturing": {
    "criteria": {
      "egg": "2023-02-25 12:01:22 +0800"
    },
    "done": true
  },
  "comforts:sleeping_bag_purple_from_white": {
    "criteria": {
      "has_the_recipe": "2023-05-04 16:09:29 +0800"
    },
    "done": true
  },
  "comforts:sleeping_bag_yellow": {
    "criteria": {
      "has_the_recipe": "2023-05-04 16:09:29 +0800"
    },
    "done": true
  },
  "comforts:hammock_light_gray": {
    "criteria": {
      "has_the_recipe": "2023-05-04 16:09:29 +0800"
    },
    "done": true
  },
  "minecraft:husbandry/balanced_diet": {
    "criteria": {
      "bread": "2023-05-04 14:52:09 +0800"
    },
    "done": false
  },
  "comforts:hammock_purple": {
    "criteria": {
      "has_the_recipe": "2023-05-04 16:09:29 +0800"
    },
    "done": true
  },
  "comforts:sleeping_bag_orange_from_white": {
    "criteria": {
      "has_the_recipe": "2023-05-04 16:09:29 +0800"
    },
    "done": true
  },
  "comforts:hammock_yellow_from_white": {
    "criteria": {
      "has_the_recipe": "2023-05-04 16:09:29 +0800"
    },
    "done": true
  },
  "refinedstorage:detecting": {
    "criteria": {
      "detector_in_inventory": "2023-03-11 10:53:16 +0800"
    },
    "done": true
  },
  "comforts:sleeping_bag_blue_from_white": {
    "criteria": {
      "has_the_recipe": "2023-05-04 16:09:29 +0800"
    },
    "done": true
  },
  "comforts:sleeping_bag_green": {
    "criteria": {
      "has_the_recipe": "2023-05-04 16:09:29 +0800"
    },
    "done": true
  },
  "comforts:hammock_lime": {
    "criteria": {
      "has_the_recipe": "2023-05-04 16:09:29 +0800"
    },
    "done": true
  },
  "extrastorage:iron_crafter": {
    "criteria": {
      "certus": "2023-04-30 16:59:15 +0800"
    },
    "done": true
  },
  "comforts:sleeping_bag_brown_from_white": {
    "criteria": {
      "has_the_recipe": "2023-05-04 16:09:29 +0800"
    },
    "done": true
  },
  "comforts:sleeping_bag_white": {
    "criteria": {
      "has_the_recipe": "2023-05-04 16:09:29 +0800"
    },
    "done": true
  },
  "comforts:sleeping_bag_pink": {
    "criteria": {
      "has_the_recipe": "2023-05-04 16:09:29 +0800"
    },
    "done": true
  },
  "comforts:hammock_light_gray_from_white": {
    "criteria": {
      "has_the_recipe": "2023-05-04 16:09:29 +0800"
    },
    "done": true
  },
  "comforts:sleeping_bag_brown": {
    "criteria": {
      "has_the_recipe": "2023-05-04 16:09:29 +0800"
    },
    "done": true
  },
  "comforts:sleeping_bag_gray": {
    "criteria": {
      "has_the_recipe": "2023-05-04 16:09:29 +0800"
    },
    "done": true
  },
  "naturescompass:natures_compass_sapling": {
    "criteria": {
      "has_recipe": "2023-02-06 14:27:36 +0800"
    },
    "done": true
  },
  "pneumaticcraft:yeast_culture": {
    "criteria": {
      "0": "2023-02-20 15:30:22 +0800"
    },
    "done": true
  },
  "pneumaticcraft:aphorism_tile": {
    "criteria": {
      "0": "2023-02-20 15:47:36 +0800"
    },
    "done": true
  },
  "create:track_0": {
    "criteria": {
      "0": "2023-02-25 12:00:56 +0800"
    },
    "done": true
  },
  "minecraft:story/root": {
    "criteria": {
      "crafting_table": "2023-03-04 12:51:14 +0800"
    },
    "done": true
  },
  "create:burner": {
    "criteria": {
      "0": "2023-03-26 20:44:27 +0800"
    },
    "done": true
  },
  "comforts:sleeping_bag_light_blue_from_white": {
    "criteria": {
      "has_the_recipe": "2023-05-04 16:09:29 +0800"
    },
    "done": true
  },
  "create:precision_mechanism": {
    "criteria": {
      "0": "2023-02-22 14:28:07 +0800"
    },
    "done": true
  },
  "minecraft:story/form_obsidian": {
    "criteria": {
      "obsidian": "2023-03-04 20:18:07 +0800"
    },
    "done": true
  },
  "comforts:hammock_light_blue": {
    "criteria": {
      "has_the_recipe": "2023-05-04 16:09:29 +0800"
    },
    "done": true
  },
  "comforts:rope_and_nail": {
    "criteria": {
      "has_the_recipe": "2023-05-04 16:09:29 +0800"
    },
    "done": true
  },
  "comforts:hammock_magenta": {
    "criteria": {
      "has_the_recipe": "2023-05-04 16:09:29 +0800"
    },
    "done": true
  },
  "create:spout": {
    "criteria": {
      "0": "2023-02-21 21:39:02 +0800"
    },
    "done": true
  },
  "immersiveengineering:main/craft_treatedwood": {
    "criteria": {
      "has_item": "2023-03-13 16:26:48 +0800"
    },
    "done": true
  },
  "mcwlights:recipes/lantern": {
    "criteria": {
      "lantern": "2023-05-04 16:09:29 +0800"
    },
    "done": true
  },
  "comforts:sleeping_bag_red": {
    "criteria": {
      "has_the_recipe": "2023-05-04 16:09:29 +0800"
    },
    "done": true
  },
  "comforts:sleeping_bag_red_from_white": {
    "criteria": {
      "has_the_recipe": "2023-05-04 16:09:29 +0800"
    },
    "done": true
  },
  "lootr:root": {
    "criteria": {
      "always_true": "2023-05-04 16:09:37 +0800"
    },
    "done": true
  },
  "trashcans:trash_can": {
    "criteria": {
      "has_energy_trash_can": "2023-04-24 12:11:35 +0800"
    },
    "done": true
  },
  "comforts:sleeping_bag_magenta_from_white": {
    "criteria": {
      "has_the_recipe": "2023-05-04 16:09:29 +0800"
    },
    "done": true
  },
  "comforts:hammock_magenta_from_white": {
    "criteria": {
      "has_the_recipe": "2023-05-04 16:09:29 +0800"
    },
    "done": true
  },
  "comforts:sleeping_bag_blue": {
    "criteria": {
      "has_the_recipe": "2023-05-04 16:09:29 +0800"
    },
    "done": true
  },
  "comforts:hammock_brown_from_white": {
    "criteria": {
      "has_the_recipe": "2023-05-04 16:09:29 +0800"
    },
    "done": true
  },
  "minecraft:story/mine_stone": {
    "criteria": {
      "get_stone": "2023-03-12 19:30:36 +0800"
    },
    "done": true
  },
  "minecraft:adventure/adventuring_time": {
    "criteria": {
      "minecraft:plains": "2023-02-06 14:27:39 +0800"
    },
    "done": false
  },
  "refinedstorage:crafting_on_demand": {
    "criteria": {
      "upgrade_in_inventory": "2023-04-30 17:04:42 +0800"
    },
    "done": true
  },
  "comforts:hammock_blue_from_white": {
    "criteria": {
      "has_the_recipe": "2023-05-04 16:09:29 +0800"
    },
    "done": true
  },
  "pneumaticcraft:amadron_tablet": {
    "criteria": {
      "0": "2023-02-20 15:13:25 +0800"
    },
    "done": true
  },
  "comforts:sleeping_bag_gray_from_white": {
    "criteria": {
      "has_the_recipe": "2023-05-04 16:09:29 +0800"
    },
    "done": true
  },
  "minecraft:husbandry/root": {
    "criteria": {
      "consumed_item": "2023-03-25 11:23:43 +0800"
    },
    "done": true
  },
  "comforts:sleeping_bag_orange": {
    "criteria": {
      "has_the_recipe": "2023-05-04 16:09:29 +0800"
    },
    "done": true
  },
  "comforts:sleeping_bag_cyan": {
    "criteria": {
      "has_the_recipe": "2023-05-04 16:09:29 +0800"
    },
    "done": true
  },
  "pneumaticcraft:root": {
    "criteria": {
      "0": "2023-03-04 21:28:54 +0800"
    },
    "done": true
  },
  "pneumaticcraft:tp_plant": {
    "criteria": {
      "0": "2023-03-25 00:09:21 +0800"
    },
    "done": true
  },
  "comforts:hammock_purple_from_white": {
    "criteria": {
      "has_the_recipe": "2023-05-04 16:09:29 +0800"
    },
    "done": true
  },
  "pneumaticcraft:etchacid_bucket": {
    "criteria": {
      "0": "2023-04-05 23:57:28 +0800"
    },
    "done": true
  },
  "tconstruct:smeltery/tool_forge": {
    "criteria": {
      "cleaver": "2023-04-06 22:46:25 +0800"
    },
    "done": false
  },
  "minecraft:adventure/root": {
    "criteria": {
      "killed_something": "2023-02-20 15:36:54 +0800"
    },
    "done": true
  },
  "apotheosis:enchanting/enchanter": {
    "criteria": {
      "enchanting_table": "2023-02-20 14:19:32 +0800"
    },
    "done": true
  },
  "pneumaticcraft:printed_circuit_board": {
    "criteria": {
      "0": "2023-03-04 11:56:19 +0800"
    },
    "done": true
  },
  "refinedstorage:autocrafting": {
    "criteria": {
      "crafter_in_inventory": "2023-04-20 12:58:05 +0800"
    },
    "done": true
  },
  "comforts:sleeping_bag_pink_from_white": {
    "criteria": {
      "has_the_recipe": "2023-05-04 16:09:29 +0800"
    },
    "done": true
  },
  "comforts:hammock_red": {
    "criteria": {
      "has_the_recipe": "2023-05-04 16:09:29 +0800"
    },
    "done": true
  },
  "mcwlights:recipes/paper_lamp": {
    "criteria": {
      "paper": "2023-05-04 16:09:29 +0800"
    },
    "done": true
  },
  "farmersdelight:main/root": {
    "criteria": {
      "seeds": "2023-04-06 22:51:11 +0800"
    },
    "done": true
  },
  "minecraft:end/dragon_egg": {
    "criteria": {
      "dragon_egg": "2023-04-30 17:30:39 +0800"
    },
    "done": true
  },
  "comforts:hammock_black_from_white": {
    "criteria": {
      "has_the_recipe": "2023-05-04 16:09:29 +0800"
    },
    "done": true
  },
  "comforts:sleeping_bag_yellow_from_white": {
    "criteria": {
      "has_the_recipe": "2023-05-04 16:09:29 +0800"
    },
    "done": true
  },
  "comforts:hammock_gray_from_white": {
    "criteria": {
      "has_the_recipe": "2023-05-04 16:09:29 +0800"
    },
    "done": true
  },
  "tconstruct:tools/tinker_tool": {
    "criteria": {
      "crafted_tool": "2023-04-06 22:46:25 +0800"
    },
    "done": true
  },
  "farmersdelight:main/craft_knife": {
    "criteria": {
      "netherite_knife": "2023-04-06 22:51:33 +0800"
    },
    "done": true
  },
  "comforts:hammock_green_from_white": {
    "criteria": {
      "has_the_recipe": "2023-05-04 16:09:29 +0800"
    },
    "done": true
  },
  "comforts:hammock_orange": {
    "criteria": {
      "has_the_recipe": "2023-05-04 16:09:29 +0800"
    },
    "done": true
  },
  "comforts:hammock_lime_from_white": {
    "criteria": {
      "has_the_recipe": "2023-05-04 16:09:29 +0800"
    },
    "done": true
  },
  "tconstruct:tools/material_master": {
    "criteria": {
      "manyullyn": "2023-04-06 22:46:25 +0800"
    },
    "done": false
  },
  "farmersdelight:main/obtain_netherite_knife": {
    "criteria": {
      "obtain_netherite_knife": "2023-04-06 22:51:33 +0800"
    },
    "done": true
  },
  "trashcans:ultimate_trash_can": {
    "criteria": {
      "has_ultimate_trash_can": "2023-04-24 12:11:40 +0800"
    },
    "done": true
  },
  "comforts:hammock_pink": {
    "criteria": {
      "has_the_recipe": "2023-05-04 16:09:29 +0800"
    },
    "done": true
  },
  "comforts:hammock_orange_from_white": {
    "criteria": {
      "has_the_recipe": "2023-05-04 16:09:29 +0800"
    },
    "done": true
  },
  "comforts:sleeping_bag_magenta": {
    "criteria": {
      "has_the_recipe": "2023-05-04 16:09:29 +0800"
    },
    "done": true
  },
  "comforts:sleeping_bag_cyan_from_white": {
    "criteria": {
      "has_the_recipe": "2023-05-04 16:09:29 +0800"
    },
    "done": true
  },
  "comforts:sleeping_bag_light_gray_from_white": {
    "criteria": {
      "has_the_recipe": "2023-05-04 16:09:29 +0800"
    },
    "done": true
  },
  "create:root": {
    "criteria": {
      "0": "2023-02-06 14:27:36 +0800"
    },
    "done": true
  },
  "naturescompass:natures_compass_log": {
    "criteria": {
      "has_recipe": "2023-02-06 14:27:36 +0800"
    },
    "done": true
  },
  "minecraft:story/mine_diamond": {
    "criteria": {
      "diamond": "2023-04-24 12:37:49 +0800"
    },
    "done": true
  },
  "comforts:hammock_brown": {
    "criteria": {
      "has_the_recipe": "2023-05-04 16:09:29 +0800"
    },
    "done": true
  },
  "pneumaticcraft:flux_compressor": {
    "criteria": {
      "0": "2023-03-18 11:59:13 +0800"
    },
    "done": true
  },
  "comforts:hammock_blue": {
    "criteria": {
      "has_the_recipe": "2023-05-04 16:09:29 +0800"
    },
    "done": true
  },
  "minecraft:story/smelt_iron": {
    "criteria": {
      "iron": "2023-02-10 14:02:10 +0800"
    },
    "done": true
  },
  "create:belt": {
    "criteria": {
      "0": "2023-02-21 21:37:43 +0800"
    },
    "done": true
  },
  "comforts:hammock_green": {
    "criteria": {
      "has_the_recipe": "2023-05-04 16:09:29 +0800"
    },
    "done": true
  },
  "comforts:hammock_gray": {
    "criteria": {
      "has_the_recipe": "2023-05-04 16:09:29 +0800"
    },
    "done": true
  },
  "mcwlights:recipes/lamps_ceilings": {
    "criteria": {
      "ceiling": "2023-05-04 16:09:29 +0800"
    },
    "done": true
  },
  "DataVersion": 2975
}