{"stats":{"minecraft:crafted":{"sophisticatedbackpacks:iron_backpack":1},"minecraft:custom":{"minecraft:mob_kills":2,"minecraft:interact_with_crafting_table":14,"minecraft:bell_ring":19,"minecraft:leave_game":228,"minecraft:time_since_death":437109,"minecraft:climb_one_cm":15151,"minecraft:sprint_one_cm":2403040,"minecraft:walk_one_cm":1014834,"minecraft:drop":97,"minecraft:talked_to_villager":11,"minecraft:play_time":4286268,"minecraft:deaths":1,"minecraft:sneak_time":49109,"minecraft:jump":39116,"minecraft:walk_on_water_one_cm":6912,"minecraft:total_world_time":5998623,"minecraft:time_since_rest":437110,"minecraft:damage_taken":1340,"minecraft:damage_dealt":210,"minecraft:fly_one_cm":49566313,"minecraft:open_chest":46,"minecraft:crouch_one_cm":77974,"minecraft:fall_one_cm":37931},"minecraft:used":{"mekanism:advanced_tier_installer":1,"kubejs:storage_bundle":16,"create:deployer":9,"thermal:machine_crucible":1,"mm:item_output_port":2,"immersiveengineering:steel_scaffolding_grate_top":124,"create:weighted_ejector":2,"minecraft:enchanting_table":1,"tconstruct:molten_obsidian_bucket":2,"mekanism:cardboard_box":2,"create:schematic_table":3,"extendedcrafting:recipe_maker":75,"mekanism:configurator":25,"mekanism:upgrade_gas":1,"minecraft:ladder":3,"minecraft:oak_sign":4,"trashcans:item_trash_can":1,"mekanism:advanced_logistical_transporter":3,"minecraft:chest":3,"pneumaticcraft:reinforced_brick_wall":34,"pneumaticcraft:amadron_tablet":1,"immersiveengineering:treated_scaffold":131,"allthecompressed:electrum_block_9x":9,"engineersdecor:rebar_concrete_slab":4,"thermal:lightning_charge":34,"rftoolsutility:screen":2,"thermal:machine_bottler":2,"create:railway_casing":8,"ironjetpacks:jetpack":15,"pneumaticcraft:fluid_mixer":1,"mekanismgenerators:laser_focus_matrix":4,"pneumaticcraft:reinforced_chest":3,"minecraft:dirt":39,"immersiveengineering:slab_treated_wood_horizontal":19,"industrialforegoing:ore_laser_base":10,"industrialforegoing:mob_slaughter_factory":3,"mekanism:basic_mechanical_pipe":1,"mekanism:osmium_ore":2,"create:mechanical_mixer":3,"mekanismgenerators:control_rod_assembly":1,"mekanismgenerators:fission_reactor_casing":1,"engineersdecor:treated_wood_pole_support":1,"sophisticatedbackpacks:netherite_backpack":4,"immersiveengineering:treated_wood_horizontal":52,"immersiveengineering:steel_scaffolding_wooden_top":64,"create:depot":1,"engineersdecor:metal_sliding_door":5,"mekanism:osmium_compressor":4,"minecraft:granite":2,"mekanism:chemical_injection_chamber":3,"minecraft:obsidian":1,"mekanism:basic_energy_cube":1,"mekanism:laser":26,"create:train_trapdoor":5,"immersiveengineering:steel_fence":24,"minecraft:villager_spawn_egg":12,"mekanism:chemical_oxidizer":9,"create:wrench":14,"create:builders_tea":1,"minecraft:grass_block":49,"kubejs:piss_bucket":1,"engineersdecor:treated_wood_pole_head":1,"mekanism:purification_chamber":2,"minecraft:spawner":1,"immersiveengineering:stairs_steel_scaffolding_wooden_top":34,"mekanism:basic_tier_installer":1,"tconstruct:light_gray_clear_stained_glass":185,"engineersdecor:sign_laser":5,"create:creative_motor":10,"minecraft:item_frame":99,"minecraft:bedrock":3,"fluxnetworks:flux_configurator":2,"engineersdecor:rebar_concrete_stairs":4,"trashcans:liquid_trash_can":1,"createaddition:electric_motor":3,"mekanism:sulfuric_acid_bucket":2,"thermal:machine_refinery":2,"industrialforegoing:mob_crusher":1,"industrialforegoing:fluid_placer":2,"minecraft:written_book":1,"create:shaft":6,"ftbquests:barrier":9,"ironchest:gold_chest":1,"mm:energy_input_port":2,"minecraft:egg":28,"immersiveengineering:metal_ladder_steel":32,"mm:structure_wand":2,"mm:osmium_drill_laser_input_port":10,"mekanism:pressurized_reaction_chamber":1,"refinedstorage:disk_drive":1,"industrialforegoing:laser_drill":28,"create:belt_connector":2,"mekanism:ultimate_mechanical_pipe":5,"extendedcrafting:basic_table":66,"industrialforegoing:fluid_collector":1,"engineersdecor:sign_decor":3,"ironchest:dirt_chest":1,"thermal:machine_press":1,"minecraft:cow_spawn_egg":5,"minecraft:cobblestone_stairs":9,"minecraft:dirt_path":3,"mekanism:isotopic_centrifuge":1,"engineersdecor:rebar_concrete":150,"kubejs:cryogenic_coolant_bucket":4,"create:train_door":2,"minecraft:andesite_slab":11,"immersiveengineering:sheetmetal_steel":1,"industrialforegoing:sewage_bucket":2,"immersiveengineering:metal_ladder_none":7,"minecraft:glow_ink_sac":1,"minecraft:gold_ore":1,"create:blaze_burner":3,"mekanism:chemical_infuser":1,"create:spout":7,"create:item_drain":2,"mekanism:chemical_dissolution_chamber":3,"fluxnetworks:flux_controller":1,"kubejs:reinforced_casing":2,"trashcans:ultimate_trash_can":1,"kubejs:plated_machine_frame":5,"pneumaticcraft:thermopneumatic_processing_plant":3,"thermal:device_nullifier":1,"create:brass_funnel":1,"minecraft:crafting_table":12,"mekanism:creative_fluid_tank":11,"thermal:flux_magnet":2,"create:schematicannon":1,"thermal:machine_chiller":5,"mekanismgenerators:reactor_glass":14,"extendedcrafting:advanced_table":5,"create:placard":1,"mm:osmium_drill_controller":15,"kubejs:cut_machine_frame":4,"quark:paper_wall_sakura":4,"mekanism:creative_energy_cube":25,"thermal:nuke_grenade":1,"quark:glass_item_frame":220,"phosphophyllite:debug_tool":30,"create:track":3,"industrialforegoing:material_stonework_factory":1,"kubejs:pressurized_machine_frame":3,"kubejs:filled_machine_frame":3,"engineersdecor:metal_rung_ladder":16,"mekanism:sps_casing":2,"immersiveengineering:heavy_engineering":1,"create:mechanical_press":1,"thermal:machine_crystallizer":2,"minecraft:light_gray_concrete":152,"minecraft:bread":1,"mekanism:structural_glass":17,"quark:pickarang":4,"refinedstorage:quartz_enriched_iron_block":35,"mekanism:upgrade_speed":10,"kubejs:mixture_basin":10,"minecraft:gravel":47,"pneumaticcraft:aphorism_tile":6,"immersiveengineering:chute_steel":37,"pipez:universal_pipe":3,"mekanism:solar_neutron_activator":1,"create:basin":14,"industrialforegoing:dissolution_chamber":4,"minecraft:fire_charge":9,"mekanism:ultimate_logistical_transporter":1,"createchromaticreturn:chromatic_mixture_bucket":7,"minecraft:cobblestone":36,"thermal:machine_sawmill":1,"engineersdecor:treated_wood_pole":4,"pneumaticcraft:reinforced_stone":3,"kubejs:dissolved_machine_frame":12,"engineersdecor:old_industrial_wood_door":2,"minecraft:andesite":51,"minecraft:bucket":1,"tconstruct:clear_item_frame":72,"kubejs:unassembled_laser_matrix":6,"immersiveengineering:stairs_treated_wood_horizontal":16,"kubejs:core_machine_frame":2,"minecraft:white_concrete":340,"mekanismgenerators:fission_fuel_assembly":2,"engineersdecor:rebar_concrete_tile":1,"mekanism:creative_chemical_tank":2},"minecraft:killed":{"minecraft:axolotl":1,"minecraft:cow":1},"minecraft:dropped":{"create:basin":4,"create:rose_quartz":16,"kubejs:highly_enriched_carbon":1,"kubejs:chin_new":4,"mekanism:enriched_redstone":1,"kubejs:redstone_slag_powder":6,"create:precision_mechanism":1,"create:zinc_nugget":114,"minecraft:bedrock":1,"mekanism:advanced_logistical_transporter":4,"minecraft:coal":3,"thermal:silver_nugget":108,"immersiveengineering:ingot_hop_graphite":4,"mekanism:steel_casing":61,"thermal:press_gear_die":1,"createchromaticreturn:refined_radiance":6,"ironjetpacks:jetpack":1,"thermal:nickel_ingot":1,"mekanism:advanced_control_circuit":1,"minecraft:bucket":3,"minecraft:furnace":1,"fluxnetworks:flux_dust":1,"kubejs:slag_powder":68,"thermal:slag":32,"mekanism:osmium_compressor":1,"kubejs:neoclydium_ingot_test":25,"minecraft:oak_planks":1,"industrialforegoing:ore_laser_base":1,"immersiveengineering:sheetmetal_steel":1,"mekanism:alloy_reinforced":1,"pneumaticcraft:ingot_iron_compressed":1,"minecraft:blast_furnace":1,"mekanism:pellet_plutonium":3,"thermal:machine_smelter":2,"industrialforegoing:efficiency_addon_2":3,"immersiveengineering:gunpart_barrel":1,"create:brass_casing":2,"thermal:tin_nugget":54,"minecraft:egg":2},"minecraft:picked_up":{"fluxnetworks:flux_dust":1,"minecraft:crafting_table":1,"buildinggadgets:gadget_exchanging":1,"immersiveengineering:plate_duroplast":1,"thermal:laser_diode":1,"thermal:machine_frame":1,"mekanism:enriched_redstone":4,"minecraft:item_frame":12,"create:mechanical_press":1,"minecraft:bucket":3,"minecraft:beef":5,"mekanism:elite_chemical_tank":1,"create:basin":1,"minecraft:egg":8,"minecraft:furnace":1,"mekanism:creative_energy_cube":1,"buildinggadgets:gadget_destruction":1,"mekanism:basic_energy_cube":1,"minecraft:redstone":1,"mekanismgenerators:solar_generator":1,"ironjetpacks:jetpack":16,"immersiveengineering:mold_rod":1,"thermal:machine_smelter":1,"mekanism:osmium_compressor":1,"industrialforegoing:machine_frame_advanced":1,"extendedcrafting:basic_table":1,"mekanism:basic_fluid_tank":1,"extendedcrafting:recipe_maker":1,"kubejs:neoclydium_ingot_test":25,"mekanism:ingot_osmium":838,"mekanism:elite_control_circuit":3,"minecraft:cobblestone":1,"mekanism:advanced_logistical_transporter":4,"thermal:invar_ingot":57,"createchromaticreturn:refined_radiance":2,"thermal:electrum_nugget":3,"minecraft:leather":3,"createchromaticreturn:multiplite_shadow_steel_sword":2,"rftoolsbase:information_screen":3,"thermal:silver_nugget":71,"mekanism:alloy_reinforced":4,"sophisticatedbackpacks:upgrade_base":14,"industrialforegoing:laser_drill":1,"minecraft:iron_ingot":52,"industrialforegoing:efficiency_addon_2":3,"mekanism:steel_casing":61,"kubejs:cooling_system":1,"minecraft:oak_planks":1,"rftoolsbase:machine_base":1,"buildinggadgets:gadget_copy_paste":1,"quark:glass_item_frame":2,"refinedstorage:machine_casing":1,"refinedstorage:quartz_enriched_iron":4,"kubejs:composite_mechanical_component":2,"minecraft:blast_furnace":1,"create:schematic":1,"immersiveengineering:electron_tube":1,"minecraft:grass_block":1,"industrialforegoing:ore_laser_base":2,"mekanism:raw_osmium":1,"tconstruct:clear_item_frame":64,"pneumaticcraft:pressure_chamber_interface":1,"thermal:dynamo_stirling":1,"create:electron_tube":60,"minecraft:light_gray_concrete":1,"thermal:tin_nugget":35,"thermal:redstone_servo":1,"minecraft:diamond":62,"mekanism:pellet_plutonium":1,"create:zinc_nugget":68,"minecraft:yellow_stained_glass_pane":1,"kubejs:chin_new":4,"mekanism:advanced_control_circuit":1,"create:precision_mechanism":1,"thermal:press_gear_die":1,"minecraft:diamond_pickaxe":3}},"DataVersion":2975}