{"stats":{"minecraft:dropped":{"minecraft:water_bucket":1,"industrialforegoing:plastic":2,"thermal:machine_refinery":1,"kubejs:redstone_slag_powder":10,"thermal:machine_press":1,"pneumaticcraft:refinery":3,"minecraft:tadpole_bucket":1,"pneumaticcraft:pressure_chamber_wall":2,"create:cogwheel":1,"pneumaticcraft:thermopneumatic_processing_plant":2,"thermal:glowstone_bucket":1,"thermal:sulfur_dust":1,"minecraft:raw_gold_block":1,"thermal:fluid_cell":1,"minecraft:item_frame":1,"immersiveengineering:plate_duroplast":1,"immersiveengineering:electron_tube":1,"thermal:steel_plate":1,"minecraft:white_concrete":1,"create:iron_sheet":1,"mekanism:basic_fluid_tank":1,"pneumaticcraft:kerosene_bucket":1,"mekanism:advanced_control_circuit":2,"pneumaticcraft:pressure_chamber_valve":1,"minecraft:redstone_block":1,"minecraft:redstone":64,"immersiveengineering:steel_scaffolding_standard":1,"thermal:rubber":1,"minecraft:netherite_ingot":1,"minecraft:lime_concrete":1,"thermal:slag":16,"thermal:machine_crystallizer":1,"thermal:refined_fuel_bucket":1,"pneumaticcraft:aphorism_tile":2,"immersiveengineering:sheetmetal_steel":35,"thermal:obsidian_glass":1,"pneumaticcraft:ingot_iron_compressed":1,"thermal:machine_chiller":1,"pneumaticcraft:small_tank":1,"minecraft:blast_furnace":1,"mekanism:bio_fuel":1,"minecraft:powder_snow_bucket":1,"thermal:tin_plate":2,"immersiveengineering:light_engineering":1,"kubejs:reinforced_stone_powder":2,"thermal:machine_smelter":1,"pneumaticcraft:plastic":1,"minecraft:white_concrete_powder":1,"pneumaticcraft:refinery_output":2},"minecraft:used":{"allthecompressed:snow_block_9x":6,"mekanism:advanced_tier_installer":2,"create:deployer":9,"thermal:machine_frame":7,"create:brass_casing":1,"create:limestone":5,"pneumaticcraft:small_tank":6,"mekanism:configurator":13,"minecraft:redstone":1,"minecraft:oak_sign":21,"mekanism:advanced_logistical_transporter":13,"thermal:device_water_gen":3,"minecraft:white_concrete_powder":1,"minecraft:chest":10,"thermal:device_rock_gen":4,"create:railway_casing":44,"theoneprobe:diamond_helmet_probe":1,"create:analog_lever":21,"ironjetpacks:jetpack":1,"allthecompressed:cobblestone_block_9x":5,"pneumaticcraft:vortex_tube":2,"pneumaticcraft:heat_sink":1,"pneumaticcraft:pressure_chamber_valve":8,"minecraft:dirt":6,"minecraft:spyglass":73,"create:mechanical_mixer":3,"minecraft:hopper":1,"pneumaticcraft:creative_compressor":2,"create:cogwheel":23,"thermal:obsidian_glass":5,"immersiveengineering:sample_drill":2,"create:depot":1,"immersiveengineering:arc_furnace":3,"minecraft:allay_spawn_egg":1,"minecraft:axolotl_bucket":1,"immersiveengineering:rs_engineering":1,"minecraft:glass":8,"pneumaticcraft:pneumatic_dynamo":1,"create:controls":7,"mekanism:advanced_mechanical_pipe":11,"minecraft:lava_bucket":6,"thermal:redstone_bucket":1,"pneumaticcraft:pressure_tube":1,"create:crafting_blueprint":3,"thermal:dynamo_stirling":3,"immersiveengineering:workbench":2,"minecraft:grass_block":23,"kubejs:piss_bucket":6,"create:creative_motor":4,"minecraft:item_frame":647,"minecraft:bedrock":1,"minecraft:tadpole_bucket":1,"thermal:machine_refinery":1,"minecraft:reinforced_deepslate":7,"createaddition:electric_motor":2,"pneumaticcraft:pressure_chamber_wall":32,"minecraft:lime_concrete":16,"immersiveengineering:coil_mv":2,"minecraft:bow":55,"create:shaft":2,"create:mechanical_drill":32,"create:fluid_pipe":3,"thermal:sulfur_ore":14,"minecraft:powder_snow_bucket":14,"mekanism:basic_bin":3,"create:belt_connector":6,"minecraft:pointed_dripstone":37,"quark:glowing_glass_item_frame":1,"kubejs:engineering_block_frame":16,"minecraft:water_bucket":15,"thermal:machine_press":1,"mekanism:uranium_oxide_bucket":6,"mekanism:formulaic_assemblicator":1,"minecraft:polished_andesite":20,"minecraft:oak_planks":24,"immersiveengineering:survey_tools":24,"allthecompressed:redstone_block_9x":1,"industrialforegoing:fluid_extractor":1,"create:nixie_tube":28,"minecraft:white_dye":6,"minecraft:glow_ink_sac":5,"create:blaze_burner":6,"create:mechanical_saw":2,"minecraft:waxed_copper_block":9,"rftoolsbase:information_screen":2,"industrialforegoing:latex_processing_unit":1,"minecraft:glow_item_frame":2,"pneumaticcraft:thermopneumatic_processing_plant":5,"create:track_station":2,"create:brass_funnel":9,"minecraft:lime_stained_glass_pane":1,"thermal:machine_chiller":1,"create:placard":60,"minecraft:dripstone_block":32,"mekanism:creative_energy_cube":19,"create:track":27,"thermal:device_tree_extractor":1,"minecraft:diamond_pickaxe":14,"minecraft:black_concrete":192,"refinedstorage:machine_casing":8,"immersiveengineering:heavy_engineering":12,"create:mechanical_press":25,"thermal:machine_crystallizer":1,"minecraft:lime_carpet":9,"refinedstorage:quartz_enriched_iron_block":8,"mekanism:metallurgic_infuser":4,"minecraft:netherite_axe":36,"immersiveengineering:light_engineering":2,"thermal:machine_smelter":3,"mekanism:steel_casing":1,"minecraft:gravel":8,"pneumaticcraft:aphorism_tile":27,"create:white_seat":3,"pneumaticcraft:pressure_chamber_interface":4,"mekanism:chlorine_bucket":3,"rftoolsbase:machine_infuser":1,"thermal:machine_crafter":1,"create:basin":27,"pneumaticcraft:thermal_lagging":4,"mekanismgenerators:solar_generator":3,"pneumaticcraft:reinforced_stone":6,"minecraft:turtle_helmet":1,"create:stressometer":1,"minecraft:white_concrete":608,"minecraft:splash_potion":3},"minecraft:mined":{"thermal:sulfur_ore":14},"minecraft:killed":{"minecraft:allay":1,"minecraft:pig":3,"minecraft:wandering_trader":5,"minecraft:trader_llama":8,"minecraft:villager":7},"minecraft:custom":{"minecraft:mob_kills":25,"minecraft:leave_game":41,"minecraft:time_since_death":1591672,"minecraft:sprint_one_cm":29327,"minecraft:walk_one_cm":113507,"minecraft:drop":65,"minecraft:talked_to_villager":10,"minecraft:play_time":1591672,"minecraft:sneak_time":25170,"minecraft:jump":596,"minecraft:walk_on_water_one_cm":1639,"minecraft:total_world_time":1889208,"minecraft:time_since_rest":1591672,"minecraft:damage_dealt":3349,"minecraft:fly_one_cm":4773497,"minecraft:open_chest":124,"minecraft:crouch_one_cm":14903},"minecraft:picked_up":{"minecraft:lime_stained_glass_pane":2,"immersiveengineering:gunpart_barrel":1,"immersiveengineering:empty_casing":8,"minecraft:lead":6,"minecraft:item_frame":8,"pneumaticcraft:plastic":1,"thermal:sulfur":53,"immersiveengineering:empty_shell":28,"immersiveengineering:coresample":2,"minecraft:poppy":1,"minecraft:oak_door":3,"minecraft:torch":4,"minecraft:pointed_dripstone":3,"minecraft:lime_carpet":4,"mekanism:basic_fluid_tank":1,"immersiveengineering:light_engineering":1,"minecraft:cobblestone":65,"kubejs:reinforced_stone_powder":2,"minecraft:leather":3,"thermal:machine_chiller":1,"minecraft:potato":8,"minecraft:yellow_bed":1,"thermal:tin_plate":1,"minecraft:apple":6,"thermal:machine_crystallizer":1,"create:placard":3,"create:cogwheel":1,"minecraft:lime_concrete":1,"pneumaticcraft:small_tank":1,"minecraft:blast_furnace":1,"pneumaticcraft:thermal_lagging":4,"thermal:redstone_servo":1,"minecraft:yellow_stained_glass_pane":6,"minecraft:bread":4,"thermal:machine_pulverizer":1}},"DataVersion":3120}